epoch,step,training_loss
0,15,3.4527816772460938
0,31,3.44736385345459
0,47,3.2336719036102295
0,63,3.216369867324829
0,79,3.194958448410034
0,95,3.17694091796875
0,111,2.9952645301818848
0,127,2.952470541000366
0,143,3.0715744495391846
0,159,2.919440507888794
0,175,2.5794615745544434
0,191,2.876770257949829
0,207,2.7686526775360107
